<>
	<menuitem label="General" icon="downArrowIcon">
		<menuitem label="Deployment Overview" type="dashboard" value="Coherence Overview"/>
		<menuitem label="Cluster Events" type="dashboard" value="Coherence Cluster Events"/>
		<menuitem label="Potential Cluster Issues" type="dashboard" value="Coherence Potential Cluster Issues"/>
		<menuitem label="Garbage Collection" type="dashboard" value="Coherence GC"/>
	</menuitem>
	<menuitem label="Infrastructure" icon="downArrowIcon">
		<menuitem label="Cluster Vertical Stack" type="dashboard" value="Coherence Vertical Stack"/>
		<menuitem label="Cluster Network Status" type="dashboard" value="Coherence Network Status"/>
		<menuitem label="Cluster Memory Status" type="dashboard" value="Coherence Memory Status"/>
	</menuitem>
	<menuitem label="Caches" icon="downArrowIcon">
		<menuitem label="Cache Use" type="dashboard" value="Coherence Cache Use"/>
		<menuitem label="Cache Performance" type="dashboard" value="Coherence Performance"/>
		<menuitem label="Cache Effective" type="dashboard" value="Coherence Cache Effective"/>
	</menuitem>
	<menuitem label="Services" icon="downArrowIcon">
		<menuitem label="Service Status" type="dashboard" value="Coherence Service Status"/>
		<menuitem label="Service Performance" type="dashboard" value="Coherence Service Performance"/>
		<menuitem label="Proxies" type="dashboard" value="Coherence Proxies"/>
	</menuitem>
	<menuitem label="Clients" icon="downArrowIcon">
		<menuitem label="Client Statistics" type="dashboard" value="Coherence Client Statistics"/>
		<menuitem label="Client Msg Volume" type="search" value="Coherence - Client Statistics Msg Volume"/>
		<menuitem label="Total Count" type="search" value="Coherence - Client Statistics Total Client Count"/>
	</menuitem>
	<menuitem label="Searches" icon="downArrowIcon">
		<menuitem label="Generic Search" type="search" value="Generic Search"/>
		<menuitem label="JMX" icon="downArrowIcon">
			<menuitem label="Cluster Memory" type="search" value="Coherence - Cluster Memory"/>
			<menuitem label="Cluster Utilization" type="search" value="Coherence - Cluster Memory Utilization (MB)"/>
			<menuitem label="Network Packets" type="search" value="Coherence - Network Packets"/>
		</menuitem>
		<menuitem label="Log-based" icon="downArrowIcon">
			<menuitem label="Event Statistics" type="search" value="Coherence - Cluster Events Statistics Pie"/>
			<menuitem label="Join/Left" type="search" value="Coherence - Cluster Events Join/Left"/>
		</menuitem>
	</menuitem>
	<menuitem label="Documentation" icon="downArrowIcon">
		<menuitem label="About" type="html" value="http://community.liquidlabs.co.uk/home/release-1-0/datagrids/coherence-3-6"/>
		<menuitem label="Coherence" icon="downArrowIcon">
			<menuitem label="Coherence Home Page" type="html" value="http://coherence.oracle.com"/>
			<menuitem label="Coherence Documentation" type="html" value="http://www.oracle.com/technetwork/middleware/coherence/documentation/index.html"/>
			<menuitem label="Coherence Best Practices" type="html" value="http://coherence.oracle.com/display/COH35UG/Best+Practices"/>
		</menuitem>
		<menuitem label="Logscape" icon="downArrowIcon">
			<menuitem label="Logscape Support" type="html" value="http://support.liquidlabs.co.uk"/>
			<menuitem label="Logscape Community" type="html" value="http://community.liquidlabs.co.uk"/>
		</menuitem>
	</menuitem>
	<menuitem label="Admin" icon="downArrowIcon">
		<menuitem label="Alerting" type="alerting" value=""/>
		<menuitem label="Log Explorer" type="explorer" value=""/>
		<menuitem label="Reports" type="reports" value=""/>
		<menuitem label="Live Events" type="live" value=""/>
		<menuitem label="Logout"/>
	</menuitem>
</>
